path,title,description,primary_keywords
/,AI Agent Platform & Infrastructure | SyntheticBrew,"Build production AI agents with orchestration, MCP tools, grounded knowledge, memory, and observability. Use Cloud, self-host, or have us build it.","AI agent platform; AI agent builder; MCP integration"
/features/ai-agent-builder,No-Code AI Agent Builder | SyntheticBrew,"Build production AI agents from a prompt or visual canvas. Configure tools, memory, flows, and models without stitching together agent plumbing.","AI agent builder; no-code AI agent builder"
/features/multi-agent-orchestration,Multi-Agent Orchestration Platform | SyntheticBrew,"Coordinate supervisor and specialist AI agents with scoped tools, gates, loops, delegation, and observable handoffs in one production runtime.","multi-agent orchestration; AI agent orchestration"
/features/mcp-integration,MCP Integration for AI Agents | SyntheticBrew,"Connect AI agents to MCP servers and internal APIs with server-side execution, forwarded auth context, scoped tools, and human confirmation.","MCP integration; MCP server; MCP tools"
/features/agent-memory,Persistent AI Agent Memory | SyntheticBrew,"Give AI agents persistent, schema-isolated memory across conversations while keeping session history, scope, and deployment under your control.","AI agent memory; persistent agent memory"
/features/agentic-rag,Agentic RAG & AI Knowledge Base | SyntheticBrew,"Ground AI agents in PDFs, documents, URLs, and structured knowledge. Combine agentic RAG with tools and knowledge graphs in one runtime.","agentic RAG; AI knowledge base"
/knowledge-graphs,Knowledge Graphs for LLMs | SyntheticBrew,"Give LLM agents typed entities, relationships, deterministic retrieval, and auto-generated MCP tools. Ground domain answers without invented IDs.","knowledge graph LLM; grounded retrieval"
/features/ai-agent-observability,AI Agent Observability & Audit | SyntheticBrew,"Trace AI agent reasoning, delegation, tool calls, failures, and results with structured events, audit logs, health checks, and Prometheus metrics.","AI agent observability; AI audit logs"
/features/ai-agent-security,AI Agent Security & Tool Controls | SyntheticBrew,"Secure AI agents with scoped tools, forwarded identity, Ed25519 JWTs, confirmation gates, audit logs, BYOK, and separated control and data planes.","AI agent security; secure AI agents"
/features/product-integrations,AI Agent API & Product Integration | SyntheticBrew,"Add AI agents to web, mobile, SaaS, and IoT products through REST and SSE, a built-in chat client, or an embeddable widget.","AI agent API; AI integration platform"
/self-hosted,Self-Hosted Open-Source AI Agents | SyntheticBrew,"Run open-source AI agents on your infrastructure with Docker, Kubernetes, or a binary. Bring any LLM key and keep data under your control.","self-hosted AI; open-source AI agents"
/solutions/customer-service,AI Agents for Customer Service | SyntheticBrew,"Build customer service AI agents that use approved knowledge, remember context, call support tools, and hand consequential actions to a person.","AI agents for customer service"
/solutions/ecommerce,AI Agents for Ecommerce | SyntheticBrew,"Use AI agents for ecommerce discovery, order support, and guided actions with product knowledge, live tools, memory, and approval gates.","AI agents for ecommerce"
/solutions/banking,AI Agents for Banking Workflows | SyntheticBrew,"Explore secure AI agents for banking workflows with self-hosted deployment, scoped tools, grounded knowledge, identity forwarding, and audit trails.","AI agents for banking"
/solutions/manufacturing-iot,AI Agents for Manufacturing & IoT | SyntheticBrew,"Connect AI agents to manufacturing and IoT data with MCP tools, domain grounding, permission-scoped actions, confirmations, and live event streaming.","AI agents for manufacturing; AI agents for IoT"
/solutions/saas-product-teams,AI Agents for SaaS Products | SyntheticBrew,"Add production AI agents to SaaS products through REST and SSE with multi-tenant context, scoped tools, memory, RAG, and an embeddable widget.","AI agents for SaaS; AI product integration"
